{
    "avg_prec": 0.5457510507486097,
    "roc_auc": 0.9574395714846048
}